DOMAIN,TLD,STATUSES,CREATE DATE,EXPIRE DATE,AUTO RENEW,EST. RENEWAL PRICE,NAMESERVERS,URL FORWARDS,PRIVACY,LOCKED
voltloop.site,site,ACTIVE,2026-04-24 21:10:06,2027-04-24 21:10:06,ON,,,,Yes,Yes
isitholiday.today,today,ACTIVE,2026-04-24 21:10:06,2027-04-24 21:10:06,ON,,,,Yes,Yes
donready.xyz,xyz,ACTIVE,2026-05-08 21:51:33,2027-05-08 23:59:59,ON,,,,Yes,Yes
agesdk.dev,dev,ACTIVE,2026-05-17 06:21:14,2027-05-17 06:21:14,ON,,,,Yes,Yes
disclosur.dev,dev,ACTIVE,2026-05-17 06:21:15,2027-05-17 06:21:15,ON,,,,Yes,Yes
dropaudit.co,co,ACTIVE,2026-05-17 06:21:15,2027-05-17 23:59:59,ON,,,,Yes,Yes
earnlog.xyz,xyz,ACTIVE,2026-05-17 06:21:15,2027-05-17 23:59:59,ON,,,,Yes,Yes
permittruck.xyz,xyz,ACTIVE,2026-05-24 05:04:16,2027-05-24 23:59:59,ON,,,,Yes,Yes
boxchive.com,com,ACTIVE,2026-05-26 00:04:22,2027-05-26 00:04:22,ON,,,,Yes,Yes
marginready.com,com,ACTIVE,2026-05-28 07:37:30,2027-05-28 07:37:30,ON,,,,Yes,Yes
